﻿<widget>
  <widgetClass>tooltwist.wbd.CropImageWidget</widgetClass>
  <idWithinRootWidget></idWithinRootWidget>
  <parentVersion>ce93ddde92342c5ff4662eea26a318df0e2263f3</parentVersion>
  <updateTime>1360945585066</updateTime>
  <shortDesc>bb</shortDesc>
  <updatedBy>adm</updatedBy>
  <ipAddress>192.168.2.102</ipAddress>
  <description></description>
  <jumpTo></jumpTo>
  <suffix>png</suffix>
  <crop>N</crop>
  <shrink>Y</shrink>
  <doCrop>Y</doCrop>
  <cropX>0</cropX>
  <cropY>0</cropY>
  <cropWidth>14</cropWidth>
  <cropHeight>222</cropHeight>
  <width></width>
  <height></height>
  <tint>none</tint>
  <annotation></annotation>
  <resizeMode></resizeMode>
  <resizeWidth></resizeWidth>
  <resizeHeight></resizeHeight>
  <resizePercentage></resizePercentage>
  <cornerWidth></cornerWidth>
  <cornerHeight></cornerHeight>
  <whichCorner></whichCorner>
</widget>
